[
    {
        "link": "http://vertu.com",
        "type": "web",
        "title": "Vertu - luxury handmade mobile phones",
        "thumb": "img/portfolio/vertu-thumb.png",
        "image": "img/portfolio/vertu.jpg",
        "description": "I was part of the project doing front-end and e-commerce development for Vertu - a British luxury mobile phones manufacturer. Along with a steller team of designers and UX, we built a pixel-perfect mobile-first retina ready website",
        "client": "Bestseller",
        "date": "2015"
    },
    {
        "link": "http://only.com/?forcecountry=GB&redirected=1/",
        "type": "web",
        "title": "BESTSELLER.COM Brands",
        "thumb": "img/portfolio/bestseller-thumb.png",
        "images": [
            "img/portfolio/only.png",
            "img/portfolio/only-zoom.png"
        ],
        "description": "E-commerce web development for bestseller's 17 worldwide brands",
        "client": "Bestseller",
        "date": "2015"
    },
    {
        "link": "http://kleenbeats.com",
        "type": "web",
        "title": "Website for Kleenbeats",
        "thumb": "img/portfolio/kleenbeats-thumb.jpg",
        "image": "img/portfolio/kleenbeats.jpg",
        "description": "One page website for Kleenbeats, an Austrlian music production company (WIP)",
        "client": "Kleenbeats",
        "date": "2015"
    },
    {
        "link": "http://alessandro-iovino.com",
        "type": "web",
        "title": "Alessandro Iovino",
        "thumb": "img/portfolio/alessandro-thumb.png",
        "images": [
            "img/portfolio/alessandro-2.png",
            "img/portfolio/alessandro-1.png"
        ],
        "description": "Wordpress website for an Italian Photo Journalist",
        "client": "Alessandro Iovino",
        "date": "2015"
    },
    {
        "link": "http://scotch-soda.nl/",
        "type": "web",
        "title": "Scotch & Soda Homepage",
        "thumb": "img/portfolio/scotch-thumb.png",
        "image": "img/portfolio/scotch.png",
        "description": "I built a responsive homepage for Scotch-Soda using a 12 column grid system.",
        "client": "Scotch & Soda",
        "date": "Aug 2014"
    },
    {
        "link": "http://scs.co.uk/",
        "type": "ad",
        "title": "SCS - Midnight Madness",
        "thumb": "img/portfolio/scs-thumb.png",
        "image": "img/portfolio/scs.png",
        "description": "24 hour promotional sale for SCS (Sofa Carpet Specialists - UK). They received 4 times the amount of orders within 24 hours.",
        "client": "Sofa & Carpet Specialists UK",
        "date": "Nov 2014"
    },
    {
        "link": "http://news.ninemsn.com.au/",
        "type": "web",
        "title": "Ninemsn News - Leading News Portal in Australia",
        "thumb": "img/portfolio/ninemsnnews.png",
        "image": "img/portfolio/ninemsnnews.png",
        "description": "I worked as part of the agile IT team at Ninemsn, and helped them build a brand new Sitecore website. This was the leading News portal in Australia, with 6 million hits on the 1st day of launch, and were handled successfully without issues. All development was 100% test-driven, and we used pair-programming techniques. Fun project.",
        "client": "Ninemsn Australia",
        "date": "Mar-Jun 2012"
    },
    {
        "link": "http://m.funda.nl/",
        "type": "mobile",
        "title": "Funda Mobiel",
        "thumb": "img/portfolio/fundamobiel-thumb.png",
        "image": "img/portfolio/fundamobiel.png",
        "description": "I worked as part of the mobile team at Funda, and made some improvements to the mobile website",
        "client": "Funda",
        "date": "Mar-Jun 2014"
    },
    {
        "link": "#",
        "type": "web",
        "title": "Lekkertickets - ADE tickets online shop",
        "thumb": "img/portfolio/lekkertickets.png",
        "image": "img/portfolio/lekkertickets.png",
        "description": "I built a shopify cart for Amsterdam Dance Event (ADE) Tickets. This was a personal project, and I built myself this end to end. Made about EUR 1500 worth of sales in 1 week.",
        "client": "Lekkertickets",
        "date": "Oct 2014"
    }
]
